"Sample","X","Y","Z","PCoA1","PCoA2","PCoA3"
"PRITL_413_P-CCXX-1",-0.09856955588997,-0.0432409601631064,0.00306127187254455,48.626,21.052,13.046
"PRITL_0_P-CCLXXX-1",-0.20853660594706,-0.166523891529317,0.0233007418953552,48.626,21.052,13.046
"PRITL_0_P-XCIX",0.0548358827183077,0.043710011296706,-0.151175996720523,48.626,21.052,13.046
"PRITL_12_P-514-CCLXXXII-497",0.0118293640159477,-0.0587282371378499,-0.00294888038923982,48.626,21.052,13.046
"PRITL_22_X-1",0.0394849408501024,-0.0164416421055139,0.0395523952471554,48.626,21.052,13.046
"PRITL_23",-0.0316053708997923,0.120891708252317,-0.0296824919832244,48.626,21.052,13.046
"PRITL_36_XXIV",-0.029859197454348,-0.0774391039827841,-0.0199506634380584,48.626,21.052,13.046
"PRITL_40_XXVIII",-0.145715410083614,0.0319214048517266,-0.0584844681520818,48.626,21.052,13.046
"PRITL_45_XXXI-1-2",-0.0691027652871683,-0.00895686367086155,0.0356295462916301,48.626,21.052,13.046
"PRITL_52",-0.0155765560533219,0.037786673020206,0.0549721454418837,48.626,21.052,13.046
"PRITL_54_P-54_L",0.0225215744229527,-0.0367765238083986,0.00151433708961791,48.626,21.052,13.046
"PRITL_54_XXXIX",0.0359316162346236,-0.10170249478495,-0.00537349751805117,48.626,21.052,13.046
"PRITL_55_XL",-0.0355415267347516,-0.000964254528746097,0.0176462669049309,48.626,21.052,13.046
"PRITL_56_XLI",-0.108175825716049,0.0171515471418637,0.0160881801131155,48.626,21.052,13.046
"PRITL_57_XLII-1",-0.0824754638638628,0.0402874844576662,0.0303780938230023,48.626,21.052,13.046
"PRITL_61_XLVI",-0.0857364927427702,0.014556115601751,-0.00583205975611825,48.626,21.052,13.046
"PRITL_64_XLIX",-0.0487968633151915,0.0336127417027294,0.0171674844374509,48.626,21.052,13.046
"PRITL_65_L",0.0136476366628541,-0.0678120059874998,-0.00161757222805067,48.626,21.052,13.046
"PRITL_80_LXII",0.118893264522906,0.106547419547767,-0.000771116007099538,48.626,21.052,13.046
"PRITL_82_50",-0.0136327081979887,0.117699305676853,-0.00312416364969399,48.626,21.052,13.046
"PRITL_93_LXXIII",0.176936984437097,-0.116550348033535,-0.021522974106699,48.626,21.052,13.046
"PRITL_96",0.149007145402528,-0.0147490210035654,-0.127954812228619,48.626,21.052,13.046
"PRITL_104_50",-0.0323290089092641,0.0165393871566454,-0.0311428032333228,48.626,21.052,13.046
"PRITL_105_P-LXXIX",0.137129312512586,0.0601236455543453,0.066688348073851,48.626,21.052,13.046
"PRITL_106_LXXX-1",0.00855218337515909,0.0941899562223527,-0.0105604466706393,48.626,21.052,13.046
"PRITL_116_50",-0.0668294701617529,-0.0225974922074262,-0.0499543236836221,48.626,21.052,13.046
"PRITL_116_LXXXVIII",0.147805277626442,-0.128460851509153,-0.0228015707168349,48.626,21.052,13.046
"PRITL_121",0.118792936677442,-0.0351672557677008,-0.105550425420617,48.626,21.052,13.046
"PRITL_136_XCVII",-0.0289032790687281,0.117120414490994,-0.0132210111880104,48.626,21.052,13.046
"PRITL_137_50",0.0720610237393361,-0.0421676507292589,0.00683457452689123,48.626,21.052,13.046
"PRITL_141_P-XCVIII",0.0240241597662949,0.0629477127615511,-0.03642047888483,48.626,21.052,13.046
"PRITL_154",0.147480709237811,-0.057793040446805,-0.0864727752286595,48.626,21.052,13.046
"PRITL_297_CLXII",0.138814615502267,0.112187069252466,-0.0060721614322342,48.626,21.052,13.046
"PRITL_314a_CLXVIII-A",-0.00181867687707277,0.0438081936044147,-0.0610500717442737,48.626,21.052,13.046
"PRITL_316_CLXIX",-0.152000143176404,-0.0719560780493326,0.0534982095123558,48.626,21.052,13.046
"PRITL_362_CLXXXIV",-0.0752685324517226,-0.153771353760462,-0.0215069648124923,48.626,21.052,13.046
"PRITL_407_P-407_CCXIV",0.0112841291135427,-0.0309419320137167,0.0515157812503109,48.626,21.052,13.046
"PRITL_411_P-CCXVIII-1",-0.00754889467673415,0.0133406122792422,-0.0590665577673456,48.626,21.052,13.046
"PRITL_520_P-CCXCVII",0.0213726142926717,-0.0639470770054238,-0.0463384182057223,48.626,21.052,13.046
"PRITL_523_P-CCC-1-2-3",-0.0484942275012867,0.0347086192226791,0.048199893293176,48.626,21.052,13.046
"PRITL_585_CCCXXXII",0.00762222395705252,0.0294598346291838,-0.0726235413076118,48.626,21.052,13.046
"PRITL_614_P-CCCLII",0.0803808728077652,0.0498731109056917,-0.0713454934887474,48.626,21.052,13.046
"PRITL_615_CCCLIII",-0.211953238993391,-0.0654190505507534,0.0645404294216975,48.626,21.052,13.046
"PRITL_616_CCCLIV-1-2",-0.0220233828483926,0.0248403160601072,-0.00901309689022524,48.626,21.052,13.046
"PRITL_620_P-514-CCCLV",0.0344558914724469,0.0199745095676661,0.0156115878365656,48.626,21.052,13.046
"PRITL_625_CCCLX",0.0483708287112061,0.113842717500747,-0.00270127551751335,48.626,21.052,13.046
"PRITL_629_P-CCCLXIV-1-2",-0.0595513779486554,0.0233066301738015,0.0422297991152457,48.626,21.052,13.046
"PRITL_643_P-CCCLXXI",-0.0322714987035382,0.0681609168416719,-0.0573174936655739,48.626,21.052,13.046
"PRITL_656_P-514-CCCLXXVIII",0.032020597275892,0.0609754675554133,-0.0259194651176371,48.626,21.052,13.046
"PRITL_663_CCCLXXXIII",0.0591412341970224,0.108237299497577,0.0179641848153125,48.626,21.052,13.046
"PRITL_666_P-CCCLXXXV-1-2",0.140477680132301,0.0842256115028162,0.121999478147921,48.626,21.052,13.046
"PRITL_670_P-CCCLXXXVIII",0.025722227138678,-0.00507558720514144,0.0389619798268874,48.626,21.052,13.046
"PRITL_678_P-CCCXCVI",0.0696101908765553,-0.0741590038428661,-0.00854686244970376,48.626,21.052,13.046
"PRITL_687_P-CDI",0.0620804594740011,-0.0377759043329562,0.0405091130125106,48.626,21.052,13.046
"PRITL_688_CCCI",-0.0068747183193682,0.0097324367487916,-0.118366309107912,48.626,21.052,13.046
"PRITL_419_P-514-CCXXIIIA",0.0481833488352905,-0.101307164373863,0.0107951490008981,48.626,21.052,13.046
"PRITL_420_P-CCXXIV-1",-0.0285158156490053,-0.0396287213503368,0.0327807392855684,48.626,21.052,13.046
"PRITL_440_CCXXXV-1",0.061231832023542,0.121792857307497,-0.0209505895625007,48.626,21.052,13.046
"PRITL_450_P-CCXLV-1",0.0629496250277587,-0.0394442445055849,0.0300515953637985,48.626,21.052,13.046
"PRITL_455_CCXLVII-1",0.0248994941564889,0.0452360450876231,0.00591921944002196,48.626,21.052,13.046
"PRITL_459_P-514-459_CCXLIX",0.000219858208559714,-0.08747624542051,-0.0340472320997193,48.626,21.052,13.046
"PRITL_460_P-CCL",0.114280932799569,0.105844843442848,-0.0733379085841202,48.626,21.052,13.046
"PRITL_461_CCLI",0.0699378263934673,-0.0472954221515866,0.03541982769586,48.626,21.052,13.046
"PRITL_463b_P-CCLIII",-0.0805221461796591,-0.0193443362541206,0.0797785264146172,48.626,21.052,13.046
"PRITL_464_CCLIV",0.108790889810983,-0.0538489216725363,0.0056896037992008,48.626,21.052,13.046
"PRITL_465_P-CCLV-1",0.0587909593972832,0.00417464845017342,0.0500890212470753,48.626,21.052,13.046
"PRITL_467_P-CCLVII-1",-0.121867540617856,-0.0597253130713483,0.0143846335145991,48.626,21.052,13.046
"PRITL_471_A_P-CCLXI",-0.0266635064961163,0.0977779509360431,0.0131452193566644,48.626,21.052,13.046
"PRITL_477_P-CCLXV-1",0.12124746509515,-0.0453280951895817,-0.0897880893459137,48.626,21.052,13.046
"PRITL_484_CCLXXI-1",0.0157211768995437,0.0324997348377727,0.0469602310480907,48.626,21.052,13.046
"PRITL_493_P-CCLXXVIII-1",0.00759068727448683,0.0402863310872415,0.011765854162934,48.626,21.052,13.046
"PRITL_502_2_CCLXXXVII-2",0.0878963635140934,-0.0779213423622351,-0.0467218425618869,48.626,21.052,13.046
"PRITL_506_P-CCXCI",0.0444965762596791,0.013985526086667,-0.0139394817267367,48.626,21.052,13.046
"PRITL_690_P-CDIHA",-0.180272958486288,0.0328267819815962,0.0053311049592321,48.626,21.052,13.046
"PRITL_692_CDIV-1",0.126749455042805,0.00511806540027513,-0.140983004547665,48.626,21.052,13.046
"PRITL_693_P-CCCLI",0.0341023697117769,-0.0265874679975953,-0.0604167215755352,48.626,21.052,13.046
"PRITL_693_P-CDV-1-2",0.115610373208082,0.122427241244439,-0.0558543755694023,48.626,21.052,13.046
"PRITL_704_P-CDXII",-0.262012042263789,0.0256850323968445,0.0605154824787868,48.626,21.052,13.046
"PRITL_706A_P-CDXIII_A",0.026170284800955,0.0304579597004406,0.0129683105940373,48.626,21.052,13.046
"PRITL_707_P-CDXIV",0.0319854764775221,0.138944644607115,-0.0673179769535937,48.626,21.052,13.046
"PRITL_708_P-CDXV",0.0162584566168739,-0.0439327668639867,-0.00772749035609918,48.626,21.052,13.046
"PRITL_719B_CDXXIV B",0.125944691537622,-0.040962867561911,0.0496638453948796,48.626,21.052,13.046
"PRITL_722_CDXXVII",0.0282746563480676,-0.0385489336114566,-0.00976156883151295,48.626,21.052,13.046
"PRITL_732_P-CDXXIX",0.0742475536412895,0.020549201330443,0.0595191510401462,48.626,21.052,13.046
"PRITL_733_CDXXX",-0.00760412828584113,0.055901662247341,-0.00581153450063109,48.626,21.052,13.046
"PRITL_745_P-CDXXXIII-1",0.0400957800031894,0.0496311604155909,0.0364718759588043,48.626,21.052,13.046
"PRITL_756-7_CDXXXVI",0.107110713760347,0.0336973158176909,0.0357139438665125,48.626,21.052,13.046
"PRITL_757_P-CDXXXVIII-1",0.0672303004545561,-0.0420406957330106,0.00178026216907485,48.626,21.052,13.046
"PRITL_CCCXL-A",0.0682818342627196,-0.0184330563743582,0.0386579548212175,48.626,21.052,13.046
"PRITL_CCCXL-B",0.0422782291097043,0.0235844735314894,-0.0452071172378916,48.626,21.052,13.046
"PRITL_CCCXXXI_A",0.113388973434321,-0.0159028307062373,0.00931320189317953,48.626,21.052,13.046
"PRITL_CCCXXXIII",0.101516798219469,0.116901087615983,-0.00676944919239251,48.626,21.052,13.046
"PRITL_CDIX_CCCCIX",-0.0295380667392611,-0.0496893277941034,0.0110547247558373,48.626,21.052,13.046
"PRITL_P-CCC",0.055192710952232,0.0294451057744129,-0.00663263177036445,48.626,21.052,13.046
"PRITL_P-CCCI",0.0560173596669079,0.00958949201071963,0.114298110030968,48.626,21.052,13.046
"PRITL_P-CCCIX",0.11599753909571,-0.0783404001875345,-0.0499185498638451,48.626,21.052,13.046
"PRITL_P-CCCL",0.0674739231824023,-0.00483761669000077,-0.036379133542011,48.626,21.052,13.046
"PRITL_P-CCCVI",-0.00837533579470254,-0.0122036294366864,-0.0533335107753331,48.626,21.052,13.046
"PRITL_P-CCCX",0.152185511000283,-0.0625061121037541,0.00710122565702757,48.626,21.052,13.046
"PRITL_P-CCCXIX",-0.205298474642226,-0.026861406447673,-0.230416545780394,48.626,21.052,13.046
"PRITL_P-CCCXXIII_A",-0.0100705221529816,0.00913027067352471,0.0289657223819598,48.626,21.052,13.046
"PRITL_P-CCCXXIX",-0.0488979843291845,0.0435991279014108,-0.040610164737884,48.626,21.052,13.046
"PRITL_P-CCCXXVI",0.0711866025416231,0.0104775431105902,-0.0407732344781569,48.626,21.052,13.046
"PRITL_P-CCCXXVIII",-0.178133541423412,0.0485955546498216,0.0361808692269423,48.626,21.052,13.046
"PRITL_P-CCCXXX",0.0409557284000791,-0.0205485552089079,-0.0220753844353706,48.626,21.052,13.046
"PRITL_P-CCCXXXI",-0.0557975201657702,0.0152849618120482,-0.00602998848451149,48.626,21.052,13.046
"PRITL_P-CCCXXXVII-1-2",-0.0352142909954163,-0.00741268616742373,0.0334578698638197,48.626,21.052,13.046
"PRITL_PIII",-0.135098275778056,-0.0611599659864095,-0.0677973707235578,48.626,21.052,13.046
"PRITL_488_B_P-488_B-1_CCXXIVB",-0.0528306787609268,-0.0684088376699374,-0.0248634936471981,48.626,21.052,13.046
"PRITL_487_P-CCLXXIII",-0.0937929287256801,0.0120088989893899,-0.0115485991386628,48.626,21.052,13.046
"PRITL_184",0.132579171927772,0.0196250122119748,0.0153198286902557,48.626,21.052,13.046
"PRITL_290",0.0143048613863651,-0.0484249390430037,-0.0515138155162955,48.626,21.052,13.046
"PRITL_295",0.1819990310939,0.0309095224655352,0.140231100223799,48.626,21.052,13.046
"PRITL_297",0.135887429856706,0.108315087332678,0.00521343866829829,48.626,21.052,13.046
"PRITL_315",-0.107400896444621,-0.00813620132724795,0.0517009242598597,48.626,21.052,13.046
"PRITL_324",0.0528544676467567,-0.0674231508057446,0.0161316795757619,48.626,21.052,13.046
"PRITL_329",-0.146114567615892,-0.0110580114582721,-0.1077370253026,48.626,21.052,13.046
"PRITL_330",-0.0678499398599346,-0.00631895243565069,-0.0104079627893996,48.626,21.052,13.046
"PRITL_337_4",0.110461637507314,0.00269552749757151,0.0479063802527308,48.626,21.052,13.046
"PRITL_337B",-0.0892499157354861,-0.0476918406766549,0.0415479665574756,48.626,21.052,13.046
"PRITL_362",0.0994042763526011,-0.0759711411699086,-0.0110859666672163,48.626,21.052,13.046
"PRITL_364",0.0611056644157963,0.0648834307993657,0.00122168062624163,48.626,21.052,13.046
"PRITL_370",0.0446356293021504,0.000808800940187805,0.01167509038299,48.626,21.052,13.046
"PRITL_374",0.130647813059717,-0.0330626368229928,0.0675025693417746,48.626,21.052,13.046
"PRITL_0_6-11-1962-vraceno",-0.0525739127325267,0.0216991657104735,-0.018014448992597,48.626,21.052,13.046
"PRITL_0_CLXIV-B",0.00242447974085633,0.00030915579001745,-0.0304878012527925,48.626,21.052,13.046
"PRITL_0_CLXXXIV-362",-0.0665136021990584,-0.142470121833556,-0.0127493208148321,48.626,21.052,13.046
"PRITL_12",0.0711037189176327,0.021457032615905,-0.00886682723928575,48.626,21.052,13.046
"PRITL_72",0.121940610974872,-0.0181050669774555,-0.0123756470290029,48.626,21.052,13.046
"PRITL_72_50",-0.0449505632223771,0.0123679458571058,0.00734836162239281,48.626,21.052,13.046
"PRITL_87",0.0492474525153351,0.0105033004263207,-0.061570353588103,48.626,21.052,13.046
"PRITL_112",-0.0666633596925323,-0.0728097201708313,-0.0282534634800524,48.626,21.052,13.046
"PRITL_323",0.0302776244953774,-0.0968949875312051,0.0259448119774502,48.626,21.052,13.046
"PRITL_95",-0.112624239768982,-0.0452779879416043,0.00872736593876418,48.626,21.052,13.046
"PRITL_0_0",0.11306813647707,-0.0117743651051412,0.0630317228638429,48.626,21.052,13.046
"PRITL_294",0.13468960244166,0.0439244353303005,0.0715816542232607,48.626,21.052,13.046
"ROZTO_D_XXXIV_994",0.068298140054385,0.0225642350956273,-0.00946711191599704,48.626,21.052,13.046
"ROZTO_13765_1710-1",-0.142550981872848,-0.0612128465850048,-0.0138126281648904,48.626,21.052,13.046
"ROZTO_10334_1412",0.0233623315876873,-0.0277335493491406,0.0199477525094796,48.626,21.052,13.046
"ROZTO_9915_1354",0.0270331748826677,-0.0282728861278744,0.0179038195909603,48.626,21.052,13.046
"ROZTO_9714_1294",0.0144293002677173,-0.0499190995064538,0.0157682123555956,48.626,21.052,13.046
"ROZTO_8972_1263",-0.125679970242775,0.0477131726419589,-0.00702074130548005,48.626,21.052,13.046
"ROZTO_8121_1252",-0.239741261772209,-0.0194062487357793,-0.124619505930333,48.626,21.052,13.046
"ROZTO_7471_1191",0.0479070684273128,0.00810224571225705,-0.00137975052073281,48.626,21.052,13.046
"ROZTO_7358_1163",0.128396520329636,-0.0376005319549201,0.0595499898690355,48.626,21.052,13.046
"ROZTO_7093_1206",-0.241971067845926,0.0871511833348919,-0.029186630348495,48.626,21.052,13.046
"ROZTO_6115_1088",0.0731470458487598,-0.054919501310829,0.0252891997798048,48.626,21.052,13.046
"ROZTO_6056_1077",-0.146786009910163,0.0206041681274206,0.039985886683108,48.626,21.052,13.046
"ROZTO_5717_1041",0.128513290079188,-0.0985330576743487,0.00364040541462844,48.626,21.052,13.046
"ROZTO_5701_1038",-0.00906908128929461,0.14838422175601,0.0155593033325761,48.626,21.052,13.046
"ROZTO_5528_972",0.118316604038916,-0.0213332004427285,0.0943392160544665,48.626,21.052,13.046
"ROZTO_5368_926_255-3",0.0472125342508292,0.0387346318854496,0.0123830845372917,48.626,21.052,13.046
"ROZTO_5153-5155_903",-0.0660005817372147,0.0426846607570836,-0.0414113815935809,48.626,21.052,13.046
"ROZTO_5152_903",-0.169178366759865,0.00439356640897813,0.051860328094121,48.626,21.052,13.046
"ROZTO_3702_665",0.0734317658106381,0.0180278435065948,0.00992186222221053,48.626,21.052,13.046
"ROZTO_3498_543",-0.00899707993300278,-0.0689045845556172,0.0299520160152659,48.626,21.052,13.046
"ROZTO_3497_209",-0.050650075940592,-0.0780291213728563,0.025144895615024,48.626,21.052,13.046
"ROZTO_941_256",0.0139491776848872,-0.0329201822377924,-0.00419433571650799,48.626,21.052,13.046
"ROZTO_17621_1991",-0.101640549963597,0.0608346674634156,0.144265625563473,48.626,21.052,13.046
"ROZTO_13764_1710",0.0836903945722755,-0.125590134373276,0.00201496133276869,48.626,21.052,13.046
"ROZTO_11341_1503",-0.211629224441763,0.00501177670740916,-0.014272284717876,48.626,21.052,13.046
"ROZTO_11206_1486",-0.122751894184043,0.0397765771049899,0.0331310352370461,48.626,21.052,13.046
"ROZTO_10382_1430",-0.20990664607681,0.11185998080943,0.090984772204722,48.626,21.052,13.046
"ROZTO_9835_1369",-0.279036797447489,0.121243381579109,0.0258734274965786,48.626,21.052,13.046
"ROZTO_8714_1294",-0.0453688186320537,0.0437848613555018,0.0738863911204855,48.626,21.052,13.046
"ROZTO_8259_1264",0.0162026706042229,0.00767734949554208,0.0175504585043233,48.626,21.052,13.046
"ROZTO_8166_1226",-0.0521042961892111,0.0162906521729732,0.034926671255915,48.626,21.052,13.046
"ROZTO_7937_1191",-0.182447734556368,0.0868450510411159,-0.0139741317269859,48.626,21.052,13.046
"ROZTO_7452_1191",0.0578000926998135,0.0290840901997045,0.0140256967897056,48.626,21.052,13.046
"ROZTO_6101_1086",-0.211746407135773,-0.19183467143128,0.0521385371382169,48.626,21.052,13.046
"ROZTO_5856_1044",-0.0956599245142782,-0.180137623763764,0.00193685597927551,48.626,21.052,13.046
"ROZTO_5704_1040",-0.132985567137263,-0.0317163501869722,0.0376622844791932,48.626,21.052,13.046
"ROZTO_5703_1038",-0.0543278749902217,0.0602919593625736,-0.024497734567109,48.626,21.052,13.046
"8259_1264_B",-0.0470397175908562,0.149996335205997,-0.0363098014513964,48.626,21.052,13.046
"8259_1264",0.129548641823486,-0.044925110152661,0.0569507596648902,48.626,21.052,13.046
"ROZTO_20_JIRI",-0.0717428186491325,0.011454989884142,0.0193367619492178,48.626,21.052,13.046
